achievement_id,experience_id,achievement_text,metric_type,metric_value,metric_frequency,annualized_value,impact_category,skills_demonstrated,business_outcome
ACH001,EXP001,Created Snowflake cost monitoring dashboard that identified and eliminated $22K in monthly compute waste,Cost Savings,22000.0,Monthly,264000.0,Financial,"['Snowflake', 'Tableau', 'Cost Optimization', 'Dashboard Design']",Cost Reduction
ACH002,EXP001,"Built Python-based XML parser to automate complex data source replacements across Tableau workbooks, preserving blends, field references, and formatting while reducing 100+ hours of manual effort to seconds",Time Savings,100.0,Per Project,,Efficiency,"['Python', 'XML', 'Automation', 'Tableau API']",Process Automation
ACH003,EXP001,"Engineered data lineage pipelines monitoring 2,000+ daily jobs across Snowflake and Tableau",Scale,2000.0,Daily,,Governance,"['Data Lineage', 'Pipeline Engineering', 'Snowflake', 'Tableau', 'Monitoring']",Risk Mitigation
ACH004,EXP001,"Led research and deployment of Tableau Agent and Pulse, establishing agentic analytics capabilities",Innovation,,,,Strategic,"['Tableau Agent', 'Tableau Pulse', 'Agentic Analytics', 'AI/ML Integration']",Innovation Leadership
ACH005,EXP001,"Designed ServiceNow-integrated Tableau deployment process, reducing production promotion cycle from multiple weeks to under one week",Cycle Time,75.0,Percentage Reduction,,Efficiency,"['Process Design', 'ServiceNow Integration', 'DevOps', 'Tableau Administration']",Accelerated Delivery
ACH006,EXP001,Restructured Tableau permissions architecture across 50 projects for 350 users,Scale,350.0,Total Users,,Governance,"['Tableau Administration', 'Security Architecture', 'User Management']",Governance Improvement
ACH007,EXP001,"Led DataCamp rollout to 344 employees, achieving 60% platform adoption",Adoption Rate,60.0,Percentage,,Organizational,"['Change Management', 'Training & Enablement', 'Data Literacy']",Capability Building
ACH008,EXP002,Owned end-to-end Tableau Server to Cloud migration solution for 100+ clients,Scale,100.0,Total Clients,,Delivery,"['Tableau Server', 'Tableau Cloud', 'Migration Strategy', 'Client Management']",Client Success
ACH009,EXP002,Implemented reusable automation eliminating 10 hours of weekly administrative overhead,Time Savings,10.0,Weekly,520.0,Efficiency,"['Automation', 'Tableau Administration', 'Process Optimization']",Efficiency Gain
ACH010,EXP002,Reduced dashboard load times by 50% through Snowflake warehouse tuning and query optimizations,Performance,50.0,Percentage Improvement,,Technical,"['Snowflake Optimization', 'Query Tuning', 'Performance Engineering']",User Experience
ACH011,EXP003,Administered Tableau Server for 100+ users at 99% uptime,Reliability,99.0,Percentage,,Operations,"['Tableau Server Administration', 'System Reliability', 'Infrastructure Management']",System Reliability
ACH012,EXP003,"Integrated sell-thru data from 150+ dealers, enabling real-time inventory monitoring",Scale,150.0,Total Sources,,Integration,"['Data Integration', 'ETL', 'Real-time Data', 'API Integration']",Business Intelligence
ACH013,EXP004,"Engineered in-house data pipeline for spend analysis, eliminating vendor dependency and saving $50K annually",Cost Savings,50000.0,Annual,50000.0,Financial,"['Pipeline Engineering', 'ETL Development', 'Cost Optimization']",Cost Reduction
